MySQL Shell 1.0.10

Copyright (c) 2016, 2017, Oracle and/or its affiliates. All rights reserved.

Oracle is a registered trademark of Oracle Corporation and/or its
affiliates. Other names may be trademarks of their respective
owners.

Type '\help' or '\?' for help; '\quit' to exit.

Currently in JavaScript mode. Use \sql to switch to SQL mode and execute queries
.
mysql-js> \sql
Switching to SQL mode... Commands end with ;
mysql-sql> \connect -c root@localhost
Creating a Classic Session to 'root@localhost'
Enter password: ****
Your MySQL connection id is 7
Server version: 5.7.20-log MySQL Community Server (GPL)
No default schema selected; type \use <schema> to set one.
mysql-sql> grant all privileges, grant option from 'Prueba'@'localhost'
       ... ;
ERROR: 1064 (42000): You have an error in your SQL syntax; check the manual that
 corresponds to your MySQL server version for the right syntax to use near ' gra
nt option from 'Prueba'@'localhost'' at line 1
mysql-sql> grant all on world.* to 'Prueba'@'localhost';
Query OK, 0 rows affected (0.11 sec)
mysql-sql> \connect -c Prueba@localhost
Creating a Classic Session to 'Prueba@localhost'
Enter password: ****
Closing old connection...
Your MySQL connection id is 8
Server version: 5.7.20-log MySQL Community Server (GPL)
No default schema selected; type \use <schema> to set one.
mysql-sql> show databases;
+--------------------+
| Database           |
+--------------------+
| information_schema |
| mysql              |
| performance_schema |
| sakila             |
| sys                |
| world              |
+--------------------+
6 rows in set (0.00 sec)
mysql-sql> \use world
Schema set to `world`.
mysql-sql> show databases;
+--------------------+
| Database           |
+--------------------+
| information_schema |
| mysql              |
| performance_schema |
| sakila             |
| sys                |
| world              |
+--------------------+
6 rows in set (0.00 sec)
mysql-sql> grant all privileges, grant option from 'Prueba'@'localhost'
       ... ;
ERROR: 1064 (42000): You have an error in your SQL syntax; check the manual that
 corresponds to your MySQL server version for the right syntax to use near ' gra
nt option from 'Prueba'@'localhost'' at line 1
mysql-sql> grant all privileges, grant option from 'Prueba'@'localhost';
ERROR: 1064 (42000): You have an error in your SQL syntax; check the manual that
 corresponds to your MySQL server version for the right syntax to use near ' gra
nt option from 'Prueba'@'localhost'' at line 1
mysql-sql> show tables;
+-----------------+
| Tables_in_world |
+-----------------+
| city            |
| country         |
| countrylanguage |
+-----------------+
3 rows in set (0.00 sec)
mysql-sql> \connect -c root@localhost
Creating a Classic Session to 'root@localhost'
Enter password: ****
Closing old connection...
Your MySQL connection id is 9
Server version: 5.7.20-log MySQL Community Server (GPL)
No default schema selected; type \use <schema> to set one.
mysql-sql> revoke all privileges, grant option from Prueba@localhost
       ... ;
Query OK, 0 rows affected (0.05 sec)
mysql-sql> \connect -c Prueba@localhost
Creating a Classic Session to 'Prueba@localhost'
Enter password: ****
Closing old connection...
Your MySQL connection id is 10
Server version: 5.7.20-log MySQL Community Server (GPL)
No default schema selected; type \use <schema> to set one.
mysql-sql> \use world
MySQL Error (1044): Access denied for user 'Prueba'@'localhost' to database 'wor
ld'
mysql-sql> \connect -c root@localhost
Creating a Classic Session to 'root@localhost'
Enter password: ****
Closing old connection...
Your MySQL connection id is 11
Server version: 5.7.20-log MySQL Community Server (GPL)
No default schema selected; type \use <schema> to set one.
mysql-sql> grant all privileges, grant option from 'Prueba'@'localhost'
       ... ;
ERROR: 1064 (42000): You have an error in your SQL syntax; check the manual that
 corresponds to your MySQL server version for the right syntax to use near ' gra
nt option from 'Prueba'@'localhost'' at line 1
mysql-sql> grant all privileges, grant option from Prueba@localhost
       ... ;
ERROR: 1064 (42000): You have an error in your SQL syntax; check the manual that
 corresponds to your MySQL server version for the right syntax to use near ' gra
nt option from Prueba@localhost' at line 1
mysql-sql> \connect -c root@localhost
Creating a Classic Session to 'root@localhost'
Enter password: ****
Closing old connection...
Your MySQL connection id is 12
Server version: 5.7.20-log MySQL Community Server (GPL)
No default schema selected; type \use <schema> to set one.
mysql-sql> revoke all privileges, grant option to 'Prueba'@'localhost';
ERROR: 1064 (42000): You have an error in your SQL syntax; check the manual that
 corresponds to your MySQL server version for the right syntax to use near 'to '
Prueba'@'localhost'' at line 1
mysql-sql> revoke all privileges, grant option fomr 'Prueba'@'localhost';
ERROR: 1064 (42000): You have an error in your SQL syntax; check the manual that
 corresponds to your MySQL server version for the right syntax to use near 'fomr
 'Prueba'@'localhost'' at line 1
mysql-sql> revoke all privileges, grant option from 'Prueba'@'localhost';
Query OK, 0 rows affected (0.00 sec)
mysql-sql> grant all on world.city to 'Prueba'@'localhost';
Query OK, 0 rows affected (0.00 sec)
mysql-sql> revoke all privileges, grant option from 'Prueba'@'localhost';
Query OK, 0 rows affected (0.00 sec)
mysql-sql> grant select(name) on world.city to 'Prueba'@'localhost';
Query OK, 0 rows affected (0.06 sec)
mysql-sql> \connect -c Prueba@localhost
Creating a Classic Session to 'Prueba@localhost'
Enter password: ****
Closing old connection...
Your MySQL connection id is 13
Server version: 5.7.20-log MySQL Community Server (GPL)
No default schema selected; type \use <schema> to set one.
mysql-sql> show databases;
+--------------------+
| Database           |
+--------------------+
| information_schema |
| world              |
+--------------------+
2 rows in set (0.00 sec)
mysql-sql> select * from citylimit 10;
ERROR: 1064 (42000): You have an error in your SQL syntax; check the manual that
 corresponds to your MySQL server version for the right syntax to use near '10'
at line 1
mysql-sql> select * from city limit 10;
ERROR: 1046 (3D000): No database selected
mysql-sql> \use world
Schema set to `world`.
mysql-sql> select * from city limit 10;
ERROR: 1143 (42000): SELECT command denied to user 'Prueba'@'localhost' for colu
mn 'ID' in table 'city'
mysql-sql> select name from city limit 10;
+----------------+
| name           |
+----------------+
| Kabul          |
| Qandahar       |
| Herat          |
| Mazar-e-Sharif |
| Amsterdam      |
| Rotterdam      |
| Haag           |
| Utrecht        |
| Eindhoven      |
| Tilburg        |
+----------------+
10 rows in set (0.00 sec)
mysql-sql> \connect -c root@localhost
Creating a Classic Session to 'root@localhost'
Enter password: ****
Closing old connection...
Your MySQL connection id is 14
Server version: 5.7.20-log MySQL Community Server (GPL)
No default schema selected; type \use <schema> to set one.

Creacion y privilegios completos de un usuario

mysql-sql> create user 'prueba1'@'localhost' identified by 'qqqq';
Query OK, 0 rows affected (0.03 sec)
mysql-sql> grant all on *.* to 'prueba1'@'localhost';
Query OK, 0 rows affected (0.00 sec)
mysql-sql>

Usuario con todo privilegio en un schema

mysql-sql> create user 'prueba2'@'localhost' identified by 'qqqq';
Query OK, 0 rows affected (0.00 sec)
mysql-sql> grant all on world.* to 'prueba2'@'localhost';
Query OK, 0 rows affected (0.00 sec)
mysql-sql>

usuario con todo privilegio en una tabla

mysql-sql> create user 'prueba3'@'localhost' identified by 'qqqq';
Query OK, 0 rows affected (0.00 sec)
mysql-sql> grant all on world.city to 'prueba3'@'localhost';
Query OK, 0 rows affected (0.01 sec)

usuario con select en una tabla

mysql-sql> create user 'prueba4'@'localhost' identified by 'qqqq';
Query OK, 0 rows affected (0.01 sec)
mysql-sql> grant select on world.city to 'prueba4'@'localhost';
Query OK, 0 rows affected (0.00 sec)
mysql-sql>

usuario con select en una columna

mysql-sql> create user 'prueba5'@'localhost' identified by 'qqqq';
Query OK, 0 rows affected (0.00 sec)
mysql-sql> grant select (Name) on world.city to 'prueba5'@'localhost';
Query OK, 0 rows affected (0.07 sec)
mysql-sql>

usuario con insert en una tabla

mysql-sql> create user 'prueba6'@'localhost' identified by 'qqqq';
Query OK, 0 rows affected (0.00 sec)
mysql-sql> grant insert on world.city to 'prueba6'@'localhost';
Query OK, 0 rows affected (0.00 sec)
mysql-sql>

usuario con insert en una columna 

mysql-sql> create user 'prueba7'@'localhost' identified by 'qqqq';
Query OK, 0 rows affected (0.00 sec)
mysql-sql> grant select (Name) on world.city to 'prueba7'@'localhost';
Query OK, 0 rows affected (0.07 sec)
mysql-sql>